{"cameraMode":{"drawMode":0,"name":"Shaded","section":"Shading Mode"},"sceneLighting":false,"audioPlay":false,"sceneViewState":{"showFog":true,"showMaterialUpdate":false,"showSkybox":false,"showFlares":true,"showImageEffects":true,"showParticleSystems":true},"in2DMode":false,"pivot":{"x":-0.30517578125,"y":0.1621570587158203,"z":-0.0589599609375},"rotation":{"x":0.002657067496329546,"y":0.8069618940353394,"z":-0.0036322176456451418,"w":0.5905904173851013},"size":1.7443643808364869,"orthographic":true}