{"cameraMode":{"drawMode":0,"name":"Shaded","section":"Shading Mode"},"sceneLighting":true,"audioPlay":false,"sceneViewState":{"showFog":true,"showMaterialUpdate":false,"showSkybox":true,"showFlares":true,"showImageEffects":true,"showParticleSystems":true},"in2DMode":false,"pivot":{"x":4.576262474060059,"y":28.891738891601564,"z":-3.2842025756835939},"rotation":{"x":-0.038775522261857989,"y":0.1047278568148613,"z":0.004088996909558773,"w":0.9937440752983093},"size":35.28374481201172,"orthographic":false}