{"cameraMode":{"drawMode":0,"name":"Shaded","section":"Shading Mode"},"sceneLighting":false,"audioPlay":false,"sceneViewState":{"showFog":true,"showMaterialUpdate":false,"showSkybox":false,"showFlares":true,"showImageEffects":true,"showParticleSystems":true},"in2DMode":false,"pivot":{"x":233.9373779296875,"y":10.752578735351563,"z":-117.92842864990235},"rotation":{"x":-0.12006732076406479,"y":0.40611398220062258,"z":-0.05392346903681755,"w":-0.9043172001838684},"size":1.8437482118606568,"orthographic":true}