{"cameraMode":{"drawMode":0,"name":"Shaded","section":"Shading Mode"},"sceneLighting":false,"audioPlay":false,"sceneViewState":{"showFog":true,"showMaterialUpdate":false,"showSkybox":false,"showFlares":true,"showImageEffects":true,"showParticleSystems":true},"in2DMode":false,"pivot":{"x":-8.22314453125,"y":1.611602783203125,"z":-16.997314453125},"rotation":{"x":-0.05839432403445244,"y":0.42244142293930056,"z":0.027289073914289476,"w":0.9041109681129456},"size":1.272363305091858,"orthographic":true}