{"cameraMode":{"drawMode":0,"name":"Shaded","section":"Shading Mode"},"sceneLighting":false,"audioPlay":false,"sceneViewState":{"showFog":true,"showMaterialUpdate":false,"showSkybox":false,"showFlares":true,"showImageEffects":true,"showParticleSystems":true},"in2DMode":false,"pivot":{"x":430.305419921875,"y":-37.40653610229492,"z":-312.9161376953125},"rotation":{"x":0.32694557309150698,"y":0.6730481386184692,"z":0.4709143042564392,"w":-0.46730244159698489},"size":1.0782201290130616,"orthographic":true}