{"cameraMode":{"drawMode":0,"name":"Shaded","section":"Shading Mode"},"sceneLighting":false,"audioPlay":false,"sceneViewState":{"showFog":true,"showMaterialUpdate":false,"showSkybox":false,"showFlares":true,"showImageEffects":true,"showParticleSystems":true},"in2DMode":false,"pivot":{"x":239.27398681640626,"y":-53.607574462890628,"z":-219.3522186279297},"rotation":{"x":-0.22455868124961854,"y":0.011689232662320137,"z":-0.002673288807272911,"w":-0.9744206666946411},"size":1.5289041996002198,"orthographic":true}