{"cameraMode":{"drawMode":0,"name":"Shaded","section":"Shading Mode"},"sceneLighting":false,"audioPlay":false,"sceneViewState":{"showFog":true,"showMaterialUpdate":false,"showSkybox":false,"showFlares":true,"showImageEffects":true,"showParticleSystems":true},"in2DMode":false,"pivot":{"x":216.43753051757813,"y":123.08466339111328,"z":-181.3125},"rotation":{"x":0.016466887667775155,"y":-0.06295011937618256,"z":0.0010398165322840214,"w":0.9978893995285034},"size":2.1650636196136476,"orthographic":true}